xiechangliu,卢卡斯,https://www.douban.com/people/xiechangliu/
wuzhihong,武志红,https://www.douban.com/people/wuzhihong/
hecaitou,和菜头,https://www.douban.com/people/hecaitou/
kg820,宽！,https://www.douban.com/people/kg820/
nurtwong,Nurt,https://www.douban.com/people/nurtwong/
carefree,提拉米叔,https://www.douban.com/people/carefree/
49495802,苏木,https://www.douban.com/people/49495802/
johnxious,jx,https://www.douban.com/people/johnxious/
dingdanglbh,丁小叮,https://www.douban.com/people/dingdanglbh/
citycello,毛毛虫佳音,https://www.douban.com/people/citycello/
pole,破破,https://www.douban.com/people/pole/
wisely1229,张天翼,https://www.douban.com/people/wisely1229/
jayeee000,郁程,https://www.douban.com/people/jayeee000/
duchamp,逍遥兽,https://www.douban.com/people/duchamp/
lintanxi,林探惜,https://www.douban.com/people/lintanxi/
lbfqiahao,恰好,https://www.douban.com/people/lbfqiahao/
1075731,雨隹,https://www.douban.com/people/1075731/
zoefan,人间有味是清欢,https://www.douban.com/people/zoefan/
y0ukn0w,飞白,https://www.douban.com/people/y0ukn0w/
shuodouban,杀猪刀,https://www.douban.com/people/shuodouban/
huanwen,萧湘,https://www.douban.com/people/huanwen/
freeliz,吴痕,https://www.douban.com/people/freeliz/
1976362,Polynesian,https://www.douban.com/people/1976362/
yanfeng,严锋,https://www.douban.com/people/yanfeng/
3064233,石头摇篮,https://www.douban.com/people/3064233/
vigia1984,时间是食肉的,https://www.douban.com/people/vigia1984/
48413574,ʚ袖袖袖ɞ,https://www.douban.com/people/48413574/
2290548,CcZz,https://www.douban.com/people/2290548/
1266121,精美的尸体,https://www.douban.com/people/1266121/
drxiaoshi,史小美,https://www.douban.com/people/drxiaoshi/
lipan,黎盼,https://www.douban.com/people/lipan/
gulugulu424,咕噜、咕噜™,https://www.douban.com/people/gulugulu424/
zhangjiawei,张佳玮,https://www.douban.com/people/zhangjiawei/
Eleana,陈长宁,https://www.douban.com/people/Eleana/
lakeblur,lakeblur,https://www.douban.com/people/lakeblur/
sensitivebastar,巴斯特德,https://www.douban.com/people/sensitivebastar/
laobai,LaoBai,https://www.douban.com/people/laobai/
elfe,艾芙,https://www.douban.com/people/elfe/
jean,Jean,https://www.douban.com/people/jean/
sophia7,紫漠,https://www.douban.com/people/sophia7/
cryingcatjojo,库索,https://www.douban.com/people/cryingcatjojo/
missdonglian,donger,https://www.douban.com/people/missdonglian/
iamdwk,戴文开,https://www.douban.com/people/iamdwk/
2200243,Amy,https://www.douban.com/people/2200243/
82809663,扶桑,https://www.douban.com/people/82809663/
sponge-D,obravo,https://www.douban.com/people/sponge-D/
1051098,丧家之犬,https://www.douban.com/people/1051098/
qianlishuitiany,菱夏,https://www.douban.com/people/qianlishuitiany/
limuhua,明月楼,https://www.douban.com/people/limuhua/
65202174,凤凰花开,https://www.douban.com/people/65202174/
1873318,小兔朵儿,https://www.douban.com/people/1873318/
123419758,阿拉贝拉,https://www.douban.com/people/123419758/
happyleaf,Seashell这样啊,https://www.douban.com/people/happyleaf/
majuka_oz,哈默林騎士,https://www.douban.com/people/majuka_oz/
moneyhtv,moneyhtv,https://www.douban.com/people/moneyhtv/
19743667,读库,https://www.douban.com/people/19743667/
ayoumijiang,willae,https://www.douban.com/people/ayoumijiang/
zhangaiyin,影随茵动,https://www.douban.com/people/zhangaiyin/
jimo,老鸡｜扶立,https://www.douban.com/people/jimo/
replica,replica,https://www.douban.com/people/replica/
hosea,无,https://www.douban.com/people/hosea/
iserlohnwind,伊谢尔伦的风,https://www.douban.com/people/iserlohnwind/
1286749,icefish,https://www.douban.com/people/1286749/
zheng3000,Matthew,https://www.douban.com/people/zheng3000/
baichenyi,锡弥,https://www.douban.com/people/baichenyi/
clover_zhou,念去去,https://www.douban.com/people/clover_zhou/
elainede,elaine,https://www.douban.com/people/elainede/
35238754,菠萝包,https://www.douban.com/people/35238754/
sgzx,上官朝夕,https://www.douban.com/people/sgzx/
matt-viola,玛特,https://www.douban.com/people/matt-viola/
longxun,xxx,https://www.douban.com/people/longxun/
NeeDream,倪考梦,https://www.douban.com/people/NeeDream/
vacant85,便秘的骆驼,https://www.douban.com/people/vacant85/
2398393,游,https://www.douban.com/people/2398393/
junedeng,一只小矮子,https://www.douban.com/people/junedeng/
oewy,横槊赋湿,https://www.douban.com/people/oewy/
littlebasin,里托·贝森,https://www.douban.com/people/littlebasin/
shushu,小老鼠,https://www.douban.com/people/shushu/
36771726,唐山,https://www.douban.com/people/36771726/
to-morrow,schwimmer,https://www.douban.com/people/to-morrow/
laobai,LaoBai,https://www.douban.com/people/laobai/
ajun-zjup,只想慢慢活,https://www.douban.com/people/ajun-zjup/
littledaisylee,littledaisy,https://www.douban.com/people/littledaisylee/
chenzhuo,陈灼,https://www.douban.com/people/chenzhuo/
45364422,低吟浅唱,https://www.douban.com/people/45364422/
zhoumaoyou,周猫又,https://www.douban.com/people/zhoumaoyou/
3064233,石头摇篮,https://www.douban.com/people/3064233/
4407985,开元🌈,https://www.douban.com/people/4407985/
alcudish,肥嘟嘟左卫门,https://www.douban.com/people/alcudish/
hideinthecrowd,林隐,https://www.douban.com/people/hideinthecrowd/
dapenti,铂程斋@喷嚏网,https://www.douban.com/people/dapenti/
dd770523,鱼·无,https://www.douban.com/people/dd770523/
3835370,一花一世界,https://www.douban.com/people/3835370/
sarahcowcow,Sarah,https://www.douban.com/people/sarahcowcow/
majuka_oz,哈默林騎士,https://www.douban.com/people/majuka_oz/
wstdq,wstdq,https://www.douban.com/people/wstdq/
ccwoods,流连,https://www.douban.com/people/ccwoods/
1185085,marina,https://www.douban.com/people/1185085/
rink,rink,https://www.douban.com/people/rink/
zhangjiawei,张佳玮,https://www.douban.com/people/zhangjiawei/
pinjarivera,暁,https://www.douban.com/people/pinjarivera/
mlsslm777,扭腰客,https://www.douban.com/people/mlsslm777/
eimmi,艾小犀,https://www.douban.com/people/eimmi/
seoyoungeun,英恩,https://www.douban.com/people/seoyoungeun/
ehret,七喜,https://www.douban.com/people/ehret/
rainercool,悠悠,https://www.douban.com/people/rainercool/
londonfog,绿珀,https://www.douban.com/people/londonfog/
1364581,叶齐,https://www.douban.com/people/1364581/
Calin,水瓶豆豆,https://www.douban.com/people/Calin/
wywoju,莴苣,https://www.douban.com/people/wywoju/
bellflower,击节,https://www.douban.com/people/bellflower/
yuguo,Yuguo,https://www.douban.com/people/yuguo/
1220713,暖暖的掌心,https://www.douban.com/people/1220713/
lastfirefly,MIKA虫子,https://www.douban.com/people/lastfirefly/
liyanan,MONSTER,https://www.douban.com/people/liyanan/
inlyu,鱼和正君,https://www.douban.com/people/inlyu/
Cherry,Cherry,https://www.douban.com/people/Cherry/
tan-mu,魏小河,https://www.douban.com/people/tan-mu/
lilimarleen,LiliMarleen,https://www.douban.com/people/lilimarleen/
Sandeworld,馬鹿脱皮,https://www.douban.com/people/Sandeworld/
